1,Ardith,Hayworth,01-04-2018,A
2,Elwanda,Heffley,01-04-2018,A
3,Lavonia,Dinkins,01-04-2018,A
4,Carisa,Glidewell,01-04-2018,A
5,Carlo,Hughley,01-04-2018,A
6,Shirlee,Feher,01-04-2018,A
7,Wendy,Mandujano,01-04-2018,A
8,Rocio,Delucia,01-04-2018,P
9,Benton,Fuselier,01-04-2018,A
10,Toney,Joplin,01-04-2018,P
11,Alvina,Sinner,01-04-2018,A
12,Paige,Doris,01-04-2018,P
13,Dorethea,Sotomayor,01-04-2018,A
14,Cassey,Valerius,01-04-2018,A
15,Berry,Balsley,01-04-2018,A
16,Williams,Stegner,01-04-2018,P
17,Shanda,Hardie,01-04-2018,P
18,Delmy,Wolbert,01-04-2018,P
19,Pearle,Huggins,01-04-2018,A
20,Amber,Bainter,01-04-2018,A
21,Pricilla,Silveria,01-04-2018,A
22,Maxie,Dower,01-04-2018,P
23,Tracee,Orta,01-04-2018,P
24,Virgie,Hemingway,01-04-2018,P
25,Emilia,Gentner,01-04-2018,A
26,Dionne,Carrillo,01-04-2018,P
27,Sylvester,Hanning,01-04-2018,P
28,Felicita,Lehner,01-04-2018,P
29,Jule,Pharis,01-04-2018,A
30,Diann,Strecker,01-04-2018,A
31,Cori,Wyant,01-04-2018,A
32,Layla,Bourgault,01-04-2018,A
33,Vena,Montalto,01-04-2018,A
34,Kristle,Bennett,01-04-2018,A
35,Katherine,Holscher,01-04-2018,A
36,Lindsay,Dalal,01-04-2018,A
37,Renato,Amell,01-04-2018,A
38,Juana,Piccolo,01-04-2018,A
39,Zonia,Swart,01-04-2018,P
40,Teisha,Ismail,01-04-2018,P
41,Adrien,Avitia,01-04-2018,P
42,Silas,Azevedo,01-04-2018,P
43,Tia,Mincey,01-04-2018,P
44,Lannie,Pineau,01-04-2018,A
45,Cara,Mayton,01-04-2018,A
46,Rebeca,Sydow,01-04-2018,A
47,Hollis,Crigger,01-04-2018,A
48,Mandy,Heister,01-04-2018,A
49,Breanna,Pavlick,01-04-2018,A
50,Tammara,Jock,01-04-2018,A
1,Ardith,Hayworth,02-04-2018,A
2,Elwanda,Heffley,02-04-2018,A
3,Lavonia,Dinkins,02-04-2018,A
4,Carisa,Glidewell,02-04-2018,A
5,Carlo,Hughley,02-04-2018,A
6,Shirlee,Feher,02-04-2018,A
7,Wendy,Mandujano,02-04-2018,A
8,Rocio,Delucia,02-04-2018,P
9,Benton,Fuselier,02-04-2018,A
10,Toney,Joplin,02-04-2018,P
11,Alvina,Sinner,02-04-2018,A
12,Paige,Doris,02-04-2018,P
13,Dorethea,Sotomayor,02-04-2018,A
14,Cassey,Valerius,02-04-2018,A
15,Berry,Balsley,02-04-2018,A
16,Williams,Stegner,02-04-2018,P
17,Shanda,Hardie,02-04-2018,P
18,Delmy,Wolbert,02-04-2018,P
19,Pearle,Huggins,02-04-2018,A
20,Amber,Bainter,02-04-2018,A
21,Pricilla,Silveria,02-04-2018,A
22,Maxie,Dower,02-04-2018,P
23,Tracee,Orta,02-04-2018,P
24,Virgie,Hemingway,02-04-2018,P
25,Emilia,Gentner,02-04-2018,A
26,Dionne,Carrillo,02-04-2018,P
27,Sylvester,Hanning,02-04-2018,P
28,Felicita,Lehner,02-04-2018,P
29,Jule,Pharis,02-04-2018,A
30,Diann,Strecker,02-04-2018,A
31,Cori,Wyant,02-04-2018,A
32,Layla,Bourgault,02-04-2018,A
33,Vena,Montalto,02-04-2018,A
34,Kristle,Bennett,02-04-2018,A
35,Katherine,Holscher,02-04-2018,A
36,Lindsay,Dalal,02-04-2018,A
37,Renato,Amell,02-04-2018,A
38,Juana,Piccolo,02-04-2018,A
39,Zonia,Swart,02-04-2018,P
40,Teisha,Ismail,02-04-2018,P
41,Adrien,Avitia,02-04-2018,P
42,Silas,Azevedo,02-04-2018,P
43,Tia,Mincey,02-04-2018,P
44,Lannie,Pineau,02-04-2018,A
45,Cara,Mayton,02-04-2018,A
46,Rebeca,Sydow,02-04-2018,A
47,Hollis,Crigger,02-04-2018,A
48,Mandy,Heister,02-04-2018,A
49,Breanna,Pavlick,02-04-2018,A
50,Tammara,Jock,02-04-2018,A
1,Ardith,Hayworth,03-04-2018,P
2,Elwanda,Heffley,03-04-2018,P
3,Lavonia,Dinkins,03-04-2018,P
4,Carisa,Glidewell,03-04-2018,P
5,Carlo,Hughley,03-04-2018,P
6,Shirlee,Feher,03-04-2018,P
7,Wendy,Mandujano,03-04-2018,P
8,Rocio,Delucia,03-04-2018,A
9,Benton,Fuselier,03-04-2018,P
10,Toney,Joplin,03-04-2018,A
11,Alvina,Sinner,03-04-2018,P
12,Paige,Doris,03-04-2018,A
13,Dorethea,Sotomayor,03-04-2018,P
14,Cassey,Valerius,03-04-2018,P
15,Berry,Balsley,03-04-2018,P
16,Williams,Stegner,03-04-2018,A
17,Shanda,Hardie,03-04-2018,A
18,Delmy,Wolbert,03-04-2018,A
19,Pearle,Huggins,03-04-2018,P
20,Amber,Bainter,03-04-2018,P
21,Pricilla,Silveria,03-04-2018,P
22,Maxie,Dower,03-04-2018,A
23,Tracee,Orta,03-04-2018,A
24,Virgie,Hemingway,03-04-2018,A
25,Emilia,Gentner,03-04-2018,P
26,Dionne,Carrillo,03-04-2018,A
27,Sylvester,Hanning,03-04-2018,A
28,Felicita,Lehner,03-04-2018,A
29,Jule,Pharis,03-04-2018,P
30,Diann,Strecker,03-04-2018,P
31,Cori,Wyant,03-04-2018,P
32,Layla,Bourgault,03-04-2018,P
33,Vena,Montalto,03-04-2018,P
34,Kristle,Bennett,03-04-2018,P
35,Katherine,Holscher,03-04-2018,P
36,Lindsay,Dalal,03-04-2018,P
37,Renato,Amell,03-04-2018,P
38,Juana,Piccolo,03-04-2018,P
39,Zonia,Swart,03-04-2018,A
40,Teisha,Ismail,03-04-2018,A
41,Adrien,Avitia,03-04-2018,A
42,Silas,Azevedo,03-04-2018,A
43,Tia,Mincey,03-04-2018,A
44,Lannie,Pineau,03-04-2018,P
45,Cara,Mayton,03-04-2018,P
46,Rebeca,Sydow,03-04-2018,P
47,Hollis,Crigger,03-04-2018,P
48,Mandy,Heister,03-04-2018,P
49,Breanna,Pavlick,03-04-2018,P
50,Tammara,Jock,03-04-2018,P
1,Ardith,Hayworth,04-04-2018,A
2,Elwanda,Heffley,04-04-2018,A
3,Lavonia,Dinkins,04-04-2018,A
4,Carisa,Glidewell,04-04-2018,A
5,Carlo,Hughley,04-04-2018,A
6,Shirlee,Feher,04-04-2018,A
7,Wendy,Mandujano,04-04-2018,A
8,Rocio,Delucia,04-04-2018,P
9,Benton,Fuselier,04-04-2018,A
10,Toney,Joplin,04-04-2018,P
11,Alvina,Sinner,04-04-2018,A
12,Paige,Doris,04-04-2018,P
13,Dorethea,Sotomayor,04-04-2018,A
14,Cassey,Valerius,04-04-2018,A
15,Berry,Balsley,04-04-2018,A
16,Williams,Stegner,04-04-2018,P
17,Shanda,Hardie,04-04-2018,P
18,Delmy,Wolbert,04-04-2018,P
19,Pearle,Huggins,04-04-2018,A
20,Amber,Bainter,04-04-2018,A
21,Pricilla,Silveria,04-04-2018,A
22,Maxie,Dower,04-04-2018,P
23,Tracee,Orta,04-04-2018,P
24,Virgie,Hemingway,04-04-2018,P
25,Emilia,Gentner,04-04-2018,A
26,Dionne,Carrillo,04-04-2018,P
27,Sylvester,Hanning,04-04-2018,P
28,Felicita,Lehner,04-04-2018,P
29,Jule,Pharis,04-04-2018,A
30,Diann,Strecker,04-04-2018,A
31,Cori,Wyant,04-04-2018,A
32,Layla,Bourgault,04-04-2018,A
33,Vena,Montalto,04-04-2018,A
34,Kristle,Bennett,04-04-2018,A
35,Katherine,Holscher,04-04-2018,A
36,Lindsay,Dalal,04-04-2018,A
37,Renato,Amell,04-04-2018,A
38,Juana,Piccolo,04-04-2018,A
39,Zonia,Swart,04-04-2018,P
40,Teisha,Ismail,04-04-2018,P
41,Adrien,Avitia,04-04-2018,P
42,Silas,Azevedo,04-04-2018,P
43,Tia,Mincey,04-04-2018,P
44,Lannie,Pineau,04-04-2018,A
45,Cara,Mayton,04-04-2018,A
46,Rebeca,Sydow,04-04-2018,A
47,Hollis,Crigger,04-04-2018,A
48,Mandy,Heister,04-04-2018,A
49,Breanna,Pavlick,04-04-2018,A
50,Tammara,Jock,04-04-2018,A
